SKU ID,2023 PTUs,PTU/HR,PTU/shift,# of people on Line,Base  Direct Labor Rate ($/hr),QA Tech,Line Lead,Production FLO,Warehouse FLO,"Supervisors, Trainers, Donor Coordinator, Donor Receivers, FG Leads, Baler MO",Cleaning,Total Flex Cost,Total Unit Cost (Direct + Flex)
428207918,0,32.5,260,13,16.85,0.587963483,1.462733974,0.591233129,0.633213225,1.317110372,0,4.592254183,14.5
428484365,0,47.5,380,14,16.85,0.402290804,1.000817982,0.40452793,0.433251154,0.901180781,0,3.142068652,10.44
429261590,0,96.25,770,14,16.85,0.198533124,0.493910173,0.19963716,0.213812258,0.444738567,0,1.550631283,5.15
424231364,2025,90,720,10,16.85,0.212320147,0.52820949,0.213500852,0.228660331,0.47562319,0,1.658314011,4.41
426282894,162373,81.25,650,21,16.85,0.235185393,0.585093589,0.236493252,0.25328529,0.466219646,0,1.77627717,8.18
426673119,72200,562.5,4500,10,16.85,0.033971223,0.084513518,0.034160136,0.036585653,0.07609971,0,0.265330242,0.71
427067429,18405,168.125,1345,13,16.85,0.113658369,0.282758984,0.114290419,0.12240553,0.254608697,0,0.887721998,2.8
427565111,0,259.375,2075,10,16.85,0.073672533,0.183282329,0.074082223,0.07934238,0.165035517,0,0.575414982,1.53
427566530,188460,562.5,4500,17,16.85,0.033971223,0.084513518,0.034160136,0.036585653,0.07609971,0,0.265330242,1.01
427566573,0,251.875,2015,9,16.85,0.075866256,0.188739868,0.076288146,0.081704932,0.169949725,0,0.592548927,1.48
428170035,6750,90,720,12,16.85,0.212320147,0.52820949,0.213500852,0.228660331,0.47562319,0,1.658314011,4.96
428522721,0,45.625,365,13,16.85,0.418823303,1.041947488,0.421152366,0.451055996,0.938215608,0,3.271194761,10.33
428806736,0,31.5,252,13,16.85,0.606628991,1.509169973,0.610002435,0.653315232,1.3589234,0,4.73804003,14.96
428860959,0,31.5,252,13,16.85,0.606628991,1.509169973,0.610002435,0.653315232,1.3589234,0,4.73804003,14.96
428919568,1000,106.25,850,13,16.85,0.179847654,0.44742451,0.180847781,0.193688751,0.40288082,0,1.404689515,4.44
428982262,0,83.75,670,13,16.85,0.228164934,0.567628109,0.229433752,0.245724535,0.511117458,0,1.782068787,5.63
428997441,0,90,720,13,16.85,0.212320147,0.52820949,0.213500852,0.228660331,0.47562319,0,1.658314011,5.24
429041688,0,375,3000,10,16.85,0.050956835,0.126770278,0.051240205,0.054878479,0.114149566,0,0.397995363,1.06
429291776,0,125,1000,13,16.85,0.152870506,0.380310833,0.153720614,0.164635438,0.342448697,0,1.193986088,3.77
429400695,0,90,720,12,16.85,0.212320147,0.52820949,0.213500852,0.228660331,0.47562319,0,1.658314011,4.96
429403834,0,45.625,365,13,16.85,0.418823303,1.041947488,0.421152366,0.451055996,0.938215608,0,3.271194761,10.33
429411402,30375,450,3600,9,16.85,0.042464029,0.105641898,0.04270017,0.045732066,0.095124638,0,0.331662802,0.83
429411488,26000,268.75,2150,15,16.85,0.071102561,0.17688876,0.07149796,0.076574623,0.159278464,0,0.555342366,1.94
429466700,0,34.375,275,13,16.85,0.555892748,1.382948484,0.558984049,0.598674322,1.245267988,0,4.341767591,13.71
429470097,0,33.75,270,13,16.85,0.566187058,1.408558641,0.569335606,0.609760883,1.268328507,0,4.422170695,13.96
429471731,0,33.75,270,13,16.85,0.566187058,1.408558641,0.569335606,0.609760883,1.268328507,0,4.422170695,13.96
429487211,0,11.25,90,14,16.85,1.698561174,4.225675924,5.693356058,1.82928265,3.367141886,0,16.81401769,47.64
429574544,0,1.375,11,14,16.85,13.89731869,34.5737121,13.97460123,14.96685804,31.13169971,0,108.5441898,360.78
M4741700264,0,62.5,500,12,16.85,0.305741011,0.760621666,0.307441227,0.329270877,0.684897394,0,2.387972175,7.14
427716729,0,34.375,275,14,16.85,0.796779605,1.382948484,1.863280164,0.598674322,1.101973708,0.772549846,6.516206129,16.61
428875536,0,18.75,150,14,16.85,1.019136704,2.535405554,3.416013635,1.09756959,2.020285132,0,10.08841061,28.59
429474397,0,14.375,115,14,16.85,1.329308745,3.307050723,4.455669959,1.431612508,2.63515452,0,13.15879645,37.29
429495209,0,11.25,90,14,16.85,1.698561174,4.225675924,5.693356058,1.82928265,3.367141886,0,16.81401769,47.64
426762731,0,9.375,75,14,16.85,2.038273409,5.070811108,6.83202727,2.19513918,4.040570263,0,20.17682123,57.17
428537212,3369,32.5,260,14,16.85,0.587963483,1.462733974,1.970777097,0.633213225,1.165549114,0,5.820236893,16.49
429167721,1032,34.375,275,14,16.85,0.555892748,1.382948484,1.863280164,0.598674322,1.101973708,0,5.502769426,15.59
429291604,0,8.125,65,14,16.85,2.351853933,5.850935894,7.883108388,2.532852899,4.662196458,0,23.28094757,65.97
429403877,0,36.25,290,14,16.85,0.527139675,1.311416666,1.766903604,0.567708409,1.044975068,0,5.218143421,14.79
424380359,0,43.75,350,13,16.85,0.436772873,1.08660238,0.439201753,0.470386967,0.978424848,0,3.411388822,10.77
429105500,8309,130,1040,19,16.85,0.146990871,0.365683493,0.147808282,0.158303306,0.291387279,0,1.110173231,4.73
M4644600264,0,93.75,750,14,16.85,0.203827341,0.507081111,0.204960818,0.219513918,0.456598262,0,1.59198145,5.29
429325058,88320,300,2400,6,16.85,0.091297663,0.158462847,0.064050256,0.068598099,0.126267821,0.458502943,0.967179629,1.46
429325101,46080,300,2400,6,16.85,0.091297663,0.158462847,0.064050256,0.068598099,0.126267821,0.458502943,0.967179629,1.46
429545046,0,93.75,750,7,16.85,0.292152522,0.507081111,0.204960818,0.219513918,0.404057026,1.467209417,3.094974812,4.94
429545089,0,93.75,750,7,16.85,0.292152522,0.507081111,0.204960818,0.219513918,0.404057026,1.467209417,3.094974812,4.94
424679983,0,275.0666667,2200.533333,7,16.85,0.099573312,0.172826663,0.069856071,0.074816153,0.137713328,0.096545326,0.651330853,1.28
425486792,0,210,1680,7,16.85,0.130425233,0.226375496,0.091500365,0.097997285,0.180382601,0.126459052,0.853140032,1.68
425513710,0,108,864,9,16.85,0.25360462,0.440174575,0.177917377,0.190550276,0.350743946,0.245892601,1.658883396,3.72
426239163,0,87.46666667,699.7333333,10,16.85,0.313139851,0.543508241,0.219684566,0.235283115,0.433083227,0.303617389,2.048316388,4.88
426539389,0,210,1680,9,16.85,0.130425233,0.226375496,0.091500365,0.097997285,0.180382601,0.126459052,0.853140032,1.91
426569231,11372,87.46666667,699.7333333,7,16.85,0.313139851,0.543508241,0.219684566,0.235283115,0.433083227,0.303617389,2.048316388,4.03
426996565,33280,260,2080,6,16.85,0.105343457,0.182841747,0.073904141,0.079151653,0.145693639,0.102140004,0.689074641,1.26
426997339,359476,281.25,2250,5,16.85,0.097384174,0.169027037,0.068320273,0.073171306,0.134685675,0.094422759,0.637011224,1.08
427001682,89700,460,3680,11,16.85,0.059541954,0.103345335,0.041771906,0.044737891,0.082348579,0.057731306,0.389476971,0.98
427072718,0,6.533333333,52.26666667,10,16.85,4.192239632,7.276355225,9.803610559,3.149912726,5.798012176,4.064755246,34.28488556,72.2
427073148,0,6.533333333,52.26666667,10,16.85,4.192239632,7.276355225,9.803610559,3.149912726,5.798012176,4.064755246,34.28488556,72.2
427342328,0,287.4666667,2299.733333,4,16.85,0.095278173,0.16537171,0.066842799,0.071588926,0.131773004,0.092380801,0.623235413,0.97
427488356,4120,6,48,10,16.85,4.564883154,7.923142357,10.67504261,3.429904968,6.313391037,4.426066824,37.33243095,78.62
428477700,0,140,1120,9,16.85,0.195637849,0.339563244,0.137250548,0.146995927,0.270573902,0.189688578,1.279710048,2.87
428549596,12211,250,2000,11,16.85,0.109557196,0.190155417,0.076860307,0.082317719,0.151521385,0.106225604,0.716637627,1.81
428549811,0,150,1200,11,16.85,0.182595326,0.316925694,0.128100511,0.137196199,0.252535641,0.177042673,1.194396045,3.01
428750105,14286,195,1560,7,16.85,0.140457943,0.243788996,0.098538855,0.105535537,0.194258186,0.136186671,0.918766188,1.81
428750965,0,250,2000,11,16.85,0.109557196,0.190155417,0.076860307,0.082317719,0.151521385,0.106225604,0.716637627,1.81
428755480,10137,105.625,845,11,16.85,0.259306972,0.450071992,0.181917886,0.194834838,0.358630497,0.251421547,1.696183732,4.28
428859798,0,159.3333333,1274.666667,10,16.85,0.171899366,0.298361009,0.120596716,0.129159601,0.237742759,0.166671972,1.124431423,2.68
428862851,0,195.0666667,1560.533333,10,16.85,0.14040994,0.243705677,0.098505178,0.105499469,0.194191795,0.136140128,0.918452188,2.19
428862937,0,195.0666667,1560.533333,10,16.85,0.14040994,0.243705677,0.098505178,0.105499469,0.194191795,0.136140128,0.918452188,2.19
428897724,0,260,2080,9,16.85,0.105343457,0.182841747,0.073904141,0.079151653,0.145693639,0.102140004,0.689074641,1.55
428920471,3481,150,1200,8,16.85,0.182595326,0.316925694,0.128100511,0.137196199,0.252535641,0.177042673,1.194396045,2.52
428928340,0,193.75,1550,10,16.85,0.141364123,0.245361828,0.099174589,0.106216412,0.195511464,0.137065295,0.924693712,2.2
428928383,28206,195,1560,7,16.85,0.140457943,0.243788996,0.098538855,0.105535537,0.194258186,0.136186671,0.918766188,1.81
428963772,0,166.6666667,1333.333333,10,16.85,0.164335794,0.285233125,0.11529046,0.123476579,0.227282077,0.159338406,1.07495644,2.56
428963815,0,159.3333333,1274.666667,10,16.85,0.171899366,0.298361009,0.120596716,0.129159601,0.237742759,0.166671972,1.124431423,2.68
428963858,0,91.2,729.6,11,16.85,0.30032126,0.521259366,0.21069163,0.225651643,0.415354673,0.291188607,1.964467179,4.95
428974522,0,187.4666667,1499.733333,10,16.85,0.146102235,0.253585637,0.102498631,0.109776475,0.202064436,0.141659322,0.955686736,2.28
428978650,0,260,2080,10,16.85,0.105343457,0.182841747,0.073904141,0.079151653,0.145693639,0.102140004,0.689074641,1.64
429001526,0,240,1920,5,16.85,0.114122079,0.198078559,0.08006282,0.085747624,0.157834776,0.110651671,0.746497528,1.26
429008664,0,252,2016,8,16.85,0.108687694,0.188646247,0.076250304,0.081664404,0.150318834,0.105382543,0.710950027,1.5
429008750,0,225.0666667,1800.533333,8,16.85,0.12169416,0.211221212,0.085375045,0.09143704,0.168307226,0.117993488,0.79602817,1.68
429008922,0,254.5,2036,8,16.85,0.107620035,0.18679314,0.075501284,0.0808622,0.148842225,0.104347351,0.703966235,1.48
429029777,0,193.7333333,1549.866667,11,16.85,0.141376285,0.245382936,0.099183121,0.10622555,0.195528284,0.137077087,0.924773263,2.33
429059705,18738,120.625,965,11,16.85,0.227061546,0.39410449,0.159295973,0.170606672,0.314033958,0.220156692,1.48525933,3.74
429149403,0,115.0666667,920.5333333,11,16.85,0.238029828,0.413141838,0.166990817,0.178847884,0.329203472,0.230791433,1.557005273,3.93
429149489,0,182.5333333,1460.266667,11,16.85,0.150050944,0.260439303,0.105268864,0.112743407,0.207525637,0.145487953,0.981516107,2.47
429151596,0,210,1680,10,16.85,0.130425233,0.226375496,0.091500365,0.097997285,0.180382601,0.126459052,0.853140032,2.03
429152284,0,140.6666667,1125.333333,11,16.85,0.194710656,0.337953939,0.136600071,0.146299264,0.269291561,0.18878958,1.273645072,3.21
429156928,0,157.4666667,1259.733333,11,16.85,0.173937123,0.301897888,0.122026313,0.130690706,0.240561047,0.168647762,1.137760839,2.87
429157358,0,150,1200,11,16.85,0.182595326,0.316925694,0.128100511,0.137196199,0.252535641,0.177042673,1.194396045,3.01
429179460,0,132,1056,10,16.85,0.207494689,0.360142834,0.145568763,0.155904771,0.28697232,0.201184856,1.357268233,3.23
429179503,0,150,1200,11,16.85,0.182595326,0.316925694,0.128100511,0.137196199,0.252535641,0.177042673,1.194396045,3.01
429179933,0,187.4666667,1499.733333,10,16.85,0.146102235,0.253585637,0.102498631,0.109776475,0.202064436,0.141659322,0.955686736,2.28
429180019,0,193.7333333,1549.866667,11,16.85,0.141376285,0.245382936,0.099183121,0.10622555,0.195528284,0.137077087,0.924773263,2.33
429182900,0,150,1200,11,16.85,0.182595326,0.316925694,0.128100511,0.137196199,0.252535641,0.177042673,1.194396045,3.01
429190898,0,91.2,729.6,10,16.85,0.30032126,0.521259366,0.21069163,0.225651643,0.415354673,0.291188607,1.964467179,4.68
429260945,0,300,2400,7,16.85,0.091297663,0.158462847,0.064050256,0.068598099,0.126267821,0.088521336,0.597198022,1.18
429299000,0,4.125,33,8,16.85,6.639830043,11.5245707,15.5273347,4.988952681,9.183114235,6.43791538,54.30171774,102.35
429352707,0,159.3333333,1274.666667,11,16.85,0.171899366,0.298361009,0.120596716,0.129159601,0.237742759,0.166671972,1.124431423,2.83
429360662,0,150,1200,10,16.85,0.182595326,0.316925694,0.128100511,0.137196199,0.252535641,0.177042673,1.194396045,2.85
429363328,0,225,1800,11,16.85,0.121730217,0.211283796,0.085400341,0.091464132,0.168357094,0.118028449,0.79626403,2.01
429365650,0,225,1800,11,16.85,0.121730217,0.211283796,0.085400341,0.091464132,0.168357094,0.118028449,0.79626403,2.01
429365779,0,98,784,10,16.85,0.279482642,0.485090348,0.196072211,0.209994182,0.386534145,0.270983683,1.828157212,4.36
429385258,0,225,1800,11,16.85,0.121730217,0.211283796,0.085400341,0.091464132,0.168357094,0.118028449,0.79626403,2.01
429385688,0,150,1200,9,16.85,0.182595326,0.316925694,0.128100511,0.137196199,0.252535641,0.177042673,1.194396045,2.68
429393858,0,157.4666667,1259.733333,11,16.85,0.173937123,0.301897888,0.122026313,0.130690706,0.240561047,0.168647762,1.137760839,2.87
429406973,0,150,1200,9,16.85,0.182595326,0.316925694,0.128100511,0.137196199,0.252535641,0.177042673,1.194396045,2.68
429407145,0,6.533333333,52.26666667,10,16.85,4.192239632,7.276355225,9.803610559,3.149912726,5.798012176,4.064755246,34.28488556,72.2
429439051,0,179.0666667,1432.533333,10,16.85,0.152955876,0.265481315,0.107306832,0.114926079,0.211543259,0.148304547,1.000517908,2.38
429439266,0,150,1200,10,16.85,0.182595326,0.316925694,0.128100511,0.137196199,0.252535641,0.177042673,1.194396045,2.85
429442018,0,225,1800,11,16.85,0.121730217,0.211283796,0.085400341,0.091464132,0.168357094,0.118028449,0.79626403,2.01
429474956,0,150,1200,10,16.85,0.182595326,0.316925694,0.128100511,0.137196199,0.252535641,0.177042673,1.194396045,2.85
429474999,0,150,1200,9,16.85,0.182595326,0.316925694,0.128100511,0.137196199,0.252535641,0.177042673,1.194396045,2.68
429495123,0,201.3333333,1610.666667,10,16.85,0.136039564,0.236120136,0.095439123,0.102215711,0.188147415,0.131902654,0.889864603,2.12
429648805,0,117.5,940,11,16.85,0.233100416,0.404585993,0.163532568,0.175144083,0.322385925,0.226011923,1.524760908,3.84
429812205,0,97.5,780,13,16.85,0.195987828,0.487577991,0.19707771,0.211071075,0.439036791,0,1.530751394,4.83
429290228,0,275,2200,15,16.85,0.069486593,0.172868561,0.069873006,0.07483429,0.155658499,0,0.542720949,1.89
429312459,0,50,400,20,16.85,0.382176264,0.950777083,0.384301534,0.411588596,0.856121742,0,2.984965219,12.89
429350987,0,30,240,13,16.85,0.63696044,1.584628471,0.640502557,0.685980994,1.42686957,0,4.974942032,15.71
429453456,0,90,720,12,16.85,0.212320147,0.52820949,0.213500852,0.228660331,0.47562319,0,1.658314011,4.96
429463045,0,95,760,19,16.85,0.201145402,0.500408991,0.202263965,0.216625577,0.450590391,0,1.571034326,6.53
429487125,0,106.25,850,13,16.85,0.179847654,0.44742451,0.180847781,0.193688751,0.40288082,0,1.404689515,4.44
429492371,0,250,2000,16,16.85,0.076435253,0.190155417,0.076860307,0.082317719,0.171224348,0,0.596993044,2.18
429501401,0,93,744,19,16.85,0.20547111,0.511170475,0.206613728,0.221284191,0.460280506,0,1.60482001,6.67
429510732,300,33.75,270,13,16.85,0.566187058,1.408558641,0.569335606,0.609760883,1.268328507,0,4.422170695,13.96
429522127,0,85,680,13,16.85,0.224809567,0.559280637,0.226059726,0.242110939,0.503601025,0,1.755861894,5.54
429544057,0,34.375,275,20,16.85,0.555892748,1.382948484,0.558984049,0.598674322,1.245267988,0,4.341767591,18.76
429544659,0,39.375,315,18,16.85,0.485303193,1.207335978,0.488001948,0.522652186,1.08713872,0,3.790432024,15.12
429632981,0,39.375,315,18,16.85,0.485303193,1.207335978,0.488001948,0.522652186,1.08713872,0,3.790432024,15.12
429747404,0,250,2000,16,16.85,0.076435253,0.190155417,0.076860307,0.082317719,0.171224348,0,0.596993044,2.18
429811818,0,97.5,780,13,16.85,0.195987828,0.487577991,0.19707771,0.211071075,0.439036791,0,1.530751394,4.83
429812291,0,97.5,780,13,16.85,0.195987828,0.487577991,0.19707771,0.211071075,0.439036791,0,1.530751394,4.83
429522084,0,11.25,90,14,16.85,1.698561174,4.225675924,5.693356058,1.82928265,3.367141886,0,16.81401769,47.64
429197692,0,31.25,250,19,16.85,0.611482023,1.521243332,2.049608181,0.658541754,1.212171079,0,6.053046369,21.12
429443093,0,7.5,60,21,16.85,2.547841761,6.338513885,8.540034087,2.743923974,5.050712829,0,25.22102654,94.59
429692708,0,11.5,92,21,16.85,1.661635931,4.133813403,5.569587448,1.789515635,3.29394315,0,16.44849557,61.69
M4642600264,0,92,736,7.5,16.85,0.207704491,0.516726675,0.208859529,0.223689454,0.435177944,0,1.592158095,3.61
430011854,0,180,1440,10,16.85,0.152162772,0.264104745,0.106750426,0.114330166,0.210446368,0.147535561,0.995330037,2.37
429442835,0,31.5,252,13,16.85,0.606628991,1.509169973,0.610002435,0.653315232,1.3589234,0,4.73804003,14.96
430002738,0,21.875,175,14,16.85,0.873545747,2.173204761,2.928011687,0.940773934,1.73167297,0,8.647209098,24.5
430002867,0,13.75,110,14,16.85,1.389731869,3.45737121,4.658200411,1.496685804,2.754934271,0,13.75692357,38.98
430006436,0,16.25,130,14,16.85,1.175926966,2.925467947,3.941554194,1.26642645,2.331098229,0,11.64047379,32.98
430039159,0,39.375,315,14,16.85,0.695601243,1.207335978,0.488001948,0.522652186,0.962040539,0.674448278,4.550080171,13.36
430011510,75276,193.75,1550,7,16.85,0.141364123,0.245361828,0.099174589,0.106216412,0.195511464,0.137065295,0.924693712,1.82
429994439,0,112.5,900,10,16.85,0.243460435,0.422567592,0.170800682,0.182928265,0.336714189,0.236056897,1.59252806,3.79
429994482,0,150,1200,11,16.85,0.182595326,0.316925694,0.128100511,0.137196199,0.252535641,0.177042673,1.194396045,3.01
429945978,52076,150,1200,10,16.85,0.182595326,0.316925694,0.128100511,0.137196199,0.252535641,0.177042673,1.194396045,2.85
429441975,0,70,560,13,16.85,0.272983046,0.679126488,0.274501096,0.293991854,0.61151553,0,2.132118014,6.73
425812904,0,150,1200,11,16.85,0.182595326,0.316925694,0.128100511,0.137196199,0.252535641,0.177042673,1.194396045,3.01
428823205,0,4.9,39.2,10,16.85,5.589652842,9.701806967,13.07148075,4.199883634,7.730682902,5.419673662,45.71318075,96.27
429554377,0,70,560,13,16.85,0.272983046,0.679126488,0.274501096,0.293991854,0.61151553,0,2.132118014,6.73
429564310,0,29,232,13,16.85,0.658924593,1.639270832,0.662588852,0.709635511,1.476071969,0,5.146491757,16.25
429994611,101762,180,1440,11,16.85,0.152162772,0.264104745,0.106750426,0.114330166,0.210446368,0.147535561,0.995330037,2.51
429996460,0,235,1880,10,16.85,0.116550208,0.202292996,0.081766284,0.087572042,0.161192963,0.113005961,0.762380454,1.82
429996589,0,225,1800,11,16.85,0.121730217,0.211283796,0.085400341,0.091464132,0.168357094,0.118028449,0.79626403,2.01
429996761,53054,126.25,1010,9,16.85,0.216944942,0.376545379,0.152198627,0.163005385,0.300042346,0.21034773,1.41908441,3.19
430045523,0,45.625,365,13,16.85,0.418823303,1.041947488,0.421152366,0.451055996,0.938215608,0,3.271194761,10.33
430097252,0,39.375,315,14,16.85,0.485303193,1.207335978,1.626673159,0.522652186,0.962040539,0,4.804005055,13.61
427159191,2551,6.25,50,12,16.85,4.382287828,7.606216662,10.2480409,3.292708769,6.060855395,4.249024151,35.83913371,83.4
428681907,0,275,2200,12,16.85,0.069486593,0.172868561,0.069873006,0.07483429,0.155658499,0,0.542720949,1.62
428681950,0,275,2200,12,16.85,0.069486593,0.172868561,0.069873006,0.07483429,0.155658499,0,0.542720949,1.62
429807260,0,135,1080,9,16.85,0.202883696,0.35213966,0.142333901,0.152440221,0.280595157,0.196714081,1.327106717,2.98
429808206,3600,150,1200,10,16.85,0.182595326,0.316925694,0.128100511,0.137196199,0.252535641,0.177042673,1.194396045,2.85
429994826,6225,150,1200,10,16.85,0.182595326,0.316925694,0.128100511,0.137196199,0.252535641,0.177042673,1.194396045,2.85
429812678,0,137.5,1100,9,16.85,0.199194901,0.345737121,0.139746012,0.14966858,0.275493427,0.193137461,1.302977504,2.92
429805196,1104,170,1360,10,16.85,0.161113523,0.279640318,0.113029863,0.121055469,0.222825566,0.156214123,1.053878863,2.51
429805454,4368,170,1360,10,16.85,0.161113523,0.279640318,0.113029863,0.121055469,0.222825566,0.156214123,1.053878863,2.51
429807948,6000,150,1200,10,16.85,0.182595326,0.316925694,0.128100511,0.137196199,0.252535641,0.177042673,1.194396045,2.85
429808034,0,150,1200,10,16.85,0.182595326,0.316925694,0.128100511,0.137196199,0.252535641,0.177042673,1.194396045,2.85
429808120,0,170,1360,10,16.85,0.161113523,0.279640318,0.113029863,0.121055469,0.222825566,0.156214123,1.053878863,2.51
429808292,0,150,1200,10,16.85,0.182595326,0.316925694,0.128100511,0.137196199,0.252535641,0.177042673,1.194396045,2.85
429891583,0,121.625,973,11,16.85,0.225194647,0.390864166,0.157986242,0.169203945,0.311451973,0.218346565,1.473047537,3.71
429605117,0,19,152,14,16.85,1.005727011,2.502044955,3.371066087,1.083127885,1.993702433,0,9.95566837,28.21
429929079,0,175,1400,11,16.85,0.15651028,0.271650595,0.109800438,0.117596742,0.216459121,0.151750863,1.023768038,2.58
429994396,0,175,1400,11,16.85,0.15651028,0.271650595,0.109800438,0.117596742,0.216459121,0.151750863,1.023768038,2.58
429996933,0,187.5,1500,11,16.85,0.146076261,0.253540555,0.102480409,0.109756959,0.202028513,0.141634138,0.955516836,2.41
429994912,55486,150,1200,10,16.85,0.182595326,0.316925694,0.128100511,0.137196199,0.252535641,0.177042673,1.194396045,2.85
430002652,14422,150,1200,10,16.85,0.182595326,0.316925694,0.128100511,0.137196199,0.252535641,0.177042673,1.194396045,2.85
430006479,3000,18.75,150,14,16.85,1.019136704,2.535405554,3.416013635,1.09756959,2.020285132,0,10.08841061,28.59
425963447,64008,237,1896,3,16.85,0.115566662,0.200585882,0.081076273,0.086833037,0.159832684,0.112052325,0.755946864,1.07
426140779,0,282.5,2260,6,16.85,0.096953271,0.16827913,0.068017971,0.072847539,0.134089721,0.094004959,0.63419259,1.16
426243463,0,275,2200,11,16.85,0.069486593,0.172868561,0.069873006,0.07483429,0.155658499,0,0.542720949,1.53
426300051,6790,3.5,28,19,16.85,5.459660916,13.58252975,18.30007304,5.879837088,10.82295606,0,54.04505686,188.53
426673635,157528,375,3000,10,16.85,0.050956835,0.126770278,0.051240205,0.054878479,0.114149566,0,0.397995363,1.06
427565068,118389,562.5,4500,17,16.85,0.033971223,0.084513518,0.034160136,0.036585653,0.07609971,0,0.265330242,1.01
428104933,0,187.5,1500,5,16.85,0.146076261,0.253540555,0.102480409,0.109756959,0.202028513,0.733604709,1.547487406,2.21
428121144,0,300,2400,6,16.85,0.091297663,0.158462847,0.064050256,0.068598099,0.126267821,0.458502943,0.967179629,1.46
428314214,0,92,736,7.5,16.85,0.207704491,0.516726675,0.208859529,0.223689454,0.435177944,0,1.592158095,3.61
428964202,0,20,160,14,16.85,0.95544066,2.376942707,3.202512783,1.02897149,1.894017311,0,9.457884951,26.8
429008578,145125,225,1800,6,16.85,0.121730217,0.211283796,0.085400341,0.091464132,0.168357094,0.118028449,0.79626403,1.46
429325961,1019676,318.375,2547,4,16.85,0.086028422,0.14931717,0.060353598,0.064638963,0.118980279,0.083412331,0.562730763,0.87
429329444,0,240,1920,3,16.85,0.114122079,0.198078559,0.08006282,0.085747624,0.157834776,0.110651671,0.746497528,1.06
429351073,0,150,1200,10,16.85,0.182595326,0.316925694,0.128100511,0.137196199,0.252535641,0.177042673,1.194396045,2.85
429368230,122499,562.5,4500,17,16.85,0.033971223,0.084513518,0.034160136,0.036585653,0.07609971,0,0.265330242,1.01
429440599,2296,6.5,52,13,16.85,4.213738296,7.313669868,9.853885485,3.166066124,5.827745572,4.085600145,34.46070549,84.01
429456165,0,92,736,7.5,16.85,0.207704491,0.516726675,0.208859529,0.223689454,0.435177944,0,1.592158095,3.61
429587057,267,35.625,285,13,16.85,0.536387739,1.334423976,0.539370574,0.577668205,1.201574375,0,4.189424869,13.23
429887541,0,250,2000,12,16.85,0.076435253,0.190155417,0.076860307,0.082317719,0.171224348,0,0.596993044,1.79
425721658,0,26.25,210,13,16.85,0.727954789,1.811003967,0.732002922,0.783978278,1.63070808,0,5.685648036,17.95
429847594,11450,180,1440,10,16.85,0.152162772,0.264104745,0.106750426,0.114330166,0.210446368,0.147535561,0.995330037,2.37
429849314,14102,193.75,1550,11,16.85,0.141364123,0.245361828,0.099174589,0.106216412,0.195511464,0.137065295,0.924693712,2.33
429901946,0,187.5,1500,9,16.85,0.146076261,0.253540555,0.102480409,0.109756959,0.202028513,0.141634138,0.955516836,2.14
429902978,0,140.625,1125,10,16.85,0.194768348,0.338054074,0.136640545,0.146342612,0.269371351,0.188845518,1.274022448,3.04
429903064,4797,210,1680,8,16.85,0.130425233,0.226375496,0.091500365,0.097997285,0.180382601,0.126459052,0.853140032,1.8
429955954,0,225,1800,11,16.85,0.121730217,0.211283796,0.085400341,0.091464132,0.168357094,0.118028449,0.79626403,2.01
429996890,0,150,1200,10,16.85,0.127392088,0.316925694,0.128100511,0.137196199,0.285373914,0,0.994988406,2.65
429997105,56100,210,1680,9,16.85,0.130425233,0.226375496,0.091500365,0.097997285,0.180382601,0.126459052,0.853140032,1.91
429855592,0,179.125,1433,10,16.85,0.152906065,0.265394859,0.107271887,0.114888652,0.211474368,0.148256251,1.000192082,2.38
429875071,0,9.75,78,14,16.85,1.959878277,4.875779912,6.56925699,2.11071075,3.885163715,0,19.40078964,54.97
429923704,0,16.25,130,14,16.85,1.175926966,2.925467947,3.941554194,1.26642645,2.331098229,0,11.64047379,32.98
429944301,0,9.75,78,14,16.85,1.959878277,4.875779912,6.56925699,2.11071075,3.885163715,0,19.40078964,54.97
429945591,0,9.75,78,14,16.85,1.959878277,4.875779912,6.56925699,2.11071075,3.885163715,0,19.40078964,54.97
430045480,0,122.5,980,9,16.85,0.223586114,0.388072279,0.156857769,0.167995345,0.309227316,0.216786946,1.462525769,3.28
430118967,0,90,720,12,16.85,0.212320147,0.52820949,0.213500852,0.228660331,0.47562319,0,1.658314011,4.96
429996417,0,9.75,78,14,16.85,1.959878277,4.875779912,6.56925699,2.11071075,3.885163715,0,19.40078964,54.97
429996976,0,240,1920,11,16.85,0.114122079,0.198078559,0.08006282,0.085747624,0.157834776,0.110651671,0.746497528,1.88
430140768,0,98,784,9,16.85,0.279482642,0.485090348,0.196072211,0.209994182,0.386534145,0.270983683,1.828157212,4.1
430140811,0,150,1200,10,16.85,0.182595326,0.316925694,0.128100511,0.137196199,0.252535641,0.177042673,1.194396045,2.85
430170954,0,93.75,750,8,16.85,0.292152522,0.507081111,0.204960818,0.219513918,0.404057026,0.283268277,1.911033672,4.03
430195206,18541,130,1040,19,16.85,0.146990871,0.365683493,0.147808282,0.158303306,0.291387279,0,1.110173231,4.73
430190605,0,239.125,1913,10,16.85,0.114539671,0.198803363,0.080355783,0.08606139,0.158412321,0.111056564,0.749229092,1.79
430197700,0,187.5,1500,8,16.85,0.146076261,0.253540555,0.102480409,0.109756959,0.202028513,0.141634138,0.955516836,2.01
430062852,30422,187.5,1500,7,16.85,0.146076261,0.253540555,0.102480409,0.109756959,0.202028513,0.141634138,0.955516836,1.88
430063110,136800,250,2000,7,16.85,0.109557196,0.190155417,0.076860307,0.082317719,0.151521385,0.106225604,0.716637627,1.41
430063282,0,225,1800,8,16.85,0.121730217,0.211283796,0.085400341,0.091464132,0.168357094,0.118028449,0.79626403,1.68
430063368,274246,275,2200,7,16.85,0.099597451,0.172868561,0.069873006,0.07483429,0.137746714,0.096568731,0.651488752,1.28
429955868,0,216,1728,11,16.85,0.12680231,0.220087288,0.088958688,0.095275138,0.175371973,0.122946301,0.829441698,2.09
429964769,0,225,1800,11,16.85,0.121730217,0.211283796,0.085400341,0.091464132,0.168357094,0.118028449,0.79626403,2.01
430003426,0,216,1728,11,16.85,0.12680231,0.220087288,0.088958688,0.095275138,0.175371973,0.122946301,0.829441698,2.09
430112517,0,9.75,78,14,16.85,1.959878277,4.875779912,6.56925699,2.11071075,3.885163715,0,19.40078964,54.97
430120171,0,125,1000,13,16.85,0.152870506,0.380310833,0.153720614,0.164635438,0.342448697,0,1.193986088,3.77
430136984,65917,235.25,1882,10,16.85,0.11642635,0.20207802,0.081679391,0.087478979,0.161021663,0.11288587,0.761570273,1.81
430156979,0,225,1800,11,16.85,0.121730217,0.211283796,0.085400341,0.091464132,0.168357094,0.118028449,0.79626403,2.01
430197657,40800,247.5,1980,10,16.85,0.110663834,0.192076178,0.077636674,0.083149211,0.153051904,0.10729859,0.723876391,1.72
430045394,5430,68.75,550,13,16.85,0.277946374,0.691474242,0.279492025,0.299337161,0.622633994,0,2.170883796,6.86
429812592,40592,181.25,1450,9,16.85,0.151113373,0.262283333,0.106014216,0.113541682,0.208995014,0.146518074,0.988465692,2.22
429754026,0,122.5,980,9,16.85,0.223586114,0.388072279,0.156857769,0.167995345,0.309227316,0.216786946,1.462525769,3.28
429922543,9956,108,864,9,16.85,0.25360462,0.440174575,0.177917377,0.190550276,0.350743946,0.245892601,1.658883396,3.72
M4641000264,860040,92,736,7.5,16.85,0.207704491,0.516726675,0.208859529,0.223689454,0.435177944,0,1.592158095,3.61
M4641100264,0,92,736,7.5,16.85,0.207704491,0.516726675,0.208859529,0.223689454,0.435177944,0,1.592158095,3.61
429444125,675,90,720,12,16.85,0.212320147,0.52820949,0.213500852,0.228660331,0.47562319,0,1.658314011,4.96
430016713,0,122.5,980,9,16.85,0.223586114,0.388072279,0.156857769,0.167995345,0.309227316,0.216786946,1.462525769,3.28
430063196,0,225,1800,8,16.85,0.121730217,0.211283796,0.085400341,0.091464132,0.168357094,0.118028449,0.79626403,1.68
430113463,0,187.5,1500,10,16.85,0.146076261,0.253540555,0.102480409,0.109756959,0.202028513,0.141634138,0.955516836,2.28
430141800,25600,225,1800,11,16.85,0.121730217,0.211283796,0.085400341,0.091464132,0.168357094,0.118028449,0.79626403,2.01
430144896,0,193.75,1550,11,16.85,0.141364123,0.245361828,0.099174589,0.106216412,0.195511464,0.137065295,0.924693712,2.33
430145928,8788,98,784,10,16.85,0.279482642,0.485090348,0.196072211,0.209994182,0.386534145,0.270983683,1.828157212,4.36
430141671,0,40.625,325,13,16.85,0.470370787,1.170187179,0.472986503,0.50657058,1.053688298,0,3.673803346,11.6
430144767,0,236.25,1890,10,16.85,0.11593354,0.201222663,0.081333658,0.087108698,0.16034009,0.112408046,0.758346695,1.81
430144810,0,112.5,900,10,16.85,0.243460435,0.422567592,0.170800682,0.182928265,0.336714189,0.236056897,1.59252806,3.79
430145885,0,210,1680,10,16.85,0.130425233,0.226375496,0.091500365,0.097997285,0.180382601,0.126459052,0.853140032,2.03
430146186,0,125,1000,11,16.85,0.219114391,0.380310833,0.153720614,0.164635438,0.30304277,0.212451208,1.433275254,3.61
430197958,36951,110,880,22,16.85,0.173716484,0.432171401,0.174682515,0.187085726,0.389146246,0,1.356802372,6.31
425116863,0,18.75,150,13,16.85,1.019136704,2.535405554,1.02480409,1.09756959,2.282991312,0,7.959907251,25.14
428862292,0,120,960,10,16.85,0.228244158,0.396157118,0.160125639,0.171495248,0.315669552,0.221303341,1.492995056,3.56
428920256,0,187.5,1500,9,16.85,0.146076261,0.253540555,0.102480409,0.109756959,0.202028513,0.141634138,0.955516836,2.14
428920342,0,136.875,1095,8,16.85,0.200104467,0.347315829,0.140384122,0.150351999,0.276751388,0.194019368,1.308927172,2.76
429999083,0,6.25,50,10,16.85,4.382287828,7.606216662,10.2480409,3.292708769,6.060855395,4.249024151,35.83913371,75.48
430148508,0,200,1600,10,16.85,0.136946495,0.237694271,0.096075383,0.102897149,0.189401731,0.132782005,0.895797034,2.13
430219243,0,181.25,1450,8,16.85,0.151113373,0.262283333,0.106014216,0.113541682,0.208995014,0.146518074,0.988465692,2.08
430141628,0,53.5,428,13,16.85,0.357174079,0.888576713,0.359160312,0.384662239,0.800113778,0,2.789687121,8.81
430141757,0,225,1800,11,16.85,0.121730217,0.211283796,0.085400341,0.091464132,0.168357094,0.118028449,0.79626403,2.01
430161150,0,43.75,350,14,16.85,0.436772873,1.08660238,1.464005844,0.470386967,0.865836485,0,4.323604549,12.25
430003383,0,126.25,1010,9,16.85,0.216944942,0.376545379,0.152198627,0.163005385,0.300042346,0.21034773,1.41908441,3.19
427564767,0,259.375,2075,10,16.85,0.073672533,0.183282329,0.074082223,0.07934238,0.165035517,0,0.575414982,1.53
427567347,0,259.375,2075,10,16.85,0.073672533,0.183282329,0.074082223,0.07934238,0.165035517,0,0.575414982,1.53
427934309,0,259.375,2075,10,16.85,0.073672533,0.183282329,0.074082223,0.07934238,0.165035517,0,0.575414982,1.53
430097338,0,132,1056,10,16.85,0.207494689,0.360142834,0.145568763,0.155904771,0.28697232,0.201184856,1.357268233,3.23
430157065,0,187.5,1500,10,16.85,0.146076261,0.253540555,0.102480409,0.109756959,0.202028513,0.141634138,0.955516836,2.28
430244355,0,282.5,2260,10,16.85,0.096953271,0.16827913,0.068017971,0.072847539,0.134089721,0.094004959,0.63419259,1.51
425958072,0,18.75,150,13,16.85,1.019136704,2.535405554,1.02480409,1.09756959,2.282991312,0,7.959907251,25.14
429439137,0,6.25,50,10,16.85,4.382287828,7.606216662,10.2480409,3.292708769,6.060855395,4.249024151,35.83913371,75.48
428233976,0,18.75,150,13,16.85,1.019136704,2.535405554,1.02480409,1.09756959,2.282991312,0,7.959907251,25.14
428978564,0,240,1920,6,16.85,0.114122079,0.198078559,0.08006282,0.085747624,0.157834776,0.110651671,0.746497528,1.37
429997234,0,150,1200,10,16.85,0.182595326,0.316925694,0.128100511,0.137196199,0.252535641,0.177042673,1.194396045,2.85
430035332,0,45.625,365,13,16.85,0.418823303,1.041947488,0.421152366,0.451055996,0.938215608,0,3.271194761,10.33
430146100,0,128.125,1025,8,16.85,0.213770138,0.371034959,0.14997133,0.16061994,0.295651483,0.207269471,1.398317321,2.95
430011768,0,7.375,59,14,16.85,2.591025519,6.445946324,8.684780428,2.79043116,5.136318131,0,25.64850156,72.68
430212535,0,16.25,130,14,16.85,1.175926966,2.925467947,3.941554194,1.26642645,2.331098229,0,11.64047379,32.98
430101294,7375,122.5,980,9,16.85,0.223586114,0.388072279,0.156857769,0.167995345,0.309227316,0.216786946,1.462525769,3.28
430215115,0,36.75,294,14,16.85,0.519967706,1.293574262,1.742864099,0.559984485,1.03075772,0,5.147148273,14.58
430219544,0,44,352,14,16.85,0.434291209,1.080428503,1.455687628,0.467714314,0.86091696,0,4.299038614,12.18
430222382,0,150,1200,10,16.85,0.182595326,0.316925694,0.128100511,0.137196199,0.252535641,0.177042673,1.194396045,2.85
429849228,0,126.25,1010,9,16.85,0.216944942,0.376545379,0.152198627,0.163005385,0.300042346,0.21034773,1.41908441,3.19
Repack-10237794264,0,97.5,780,9,16.85,0.195987828,0.487577991,0.19707771,0.211071075,0.439036791,0,1.530751394,3.82
430190648,0,7.375,59,14,16.85,2.591025519,6.445946324,8.684780428,2.79043116,5.136318131,0,25.64850156,72.68
430215201,0,68,544,14,16.85,0.281011959,0.699100796,0.941915524,0.302638674,0.557063915,0,2.781730868,7.88
430118924,0,120,960,10,16.85,0.228244158,0.396157118,0.160125639,0.171495248,0.315669552,0.221303341,1.492995056,3.56
430033010,0,240,1920,9,16.85,0.114122079,0.198078559,0.08006282,0.085747624,0.157834776,0.110651671,0.746497528,1.68
430256868,6273,6.75,54,10,16.85,4.057673915,7.042793206,9.488926763,3.048804416,5.611903144,3.934281621,33.18438307,69.89
430256180,765,7.75,62,10,16.85,3.534103087,6.134045695,8.264549117,2.655410298,4.887786609,3.42663238,28.90252719,60.87
429902892,0,93.75,750,8,16.85,0.292152522,0.507081111,0.204960818,0.219513918,0.404057026,0.283268277,1.911033672,4.03
430198001,2200,11.25,90,14,16.85,1.698561174,4.225675924,5.693356058,1.82928265,3.367141886,0,16.81401769,47.64
429549260,0,31.5,252,14,16.85,0.606628991,1.509169973,0.610002435,0.653315232,1.3589234,0,4.73804003,15.75
429567105,0,12.5,100,14,16.85,1.528705056,3.803108331,5.124020452,1.646354385,3.030427698,0,15.13261592,42.88
429901516,0,115,920,10,16.85,0.238167817,0.41338134,0.167087623,0.178951564,0.329394315,0.230925226,1.557907885,3.71
429946064,0,225,1800,10,16.85,0.121730217,0.211283796,0.085400341,0.091464132,0.168357094,0.118028449,0.79626403,1.9
430141714,0,38,304,14,16.85,0.502863505,1.251022477,0.505659913,0.541563942,1.126475976,0,3.927585814,13.05
430246978,0,180,1440,10,16.85,0.152162772,0.264104745,0.106750426,0.114330166,0.210446368,0.147535561,0.995330037,2.37
429901258,0,150,1200,11,16.85,0.182595326,0.316925694,0.128100511,0.137196199,0.252535641,0.177042673,1.194396045,3.01
427564853,0,259.375,2075,10,16.85,0.073672533,0.183282329,0.074082223,0.07934238,0.165035517,0,0.575414982,1.53
428345604,0,150,1200,11,16.85,0.182595326,0.316925694,0.128100511,0.137196199,0.252535641,0.177042673,1.194396045,3.01
429735794,0,7.375,59,14,16.85,2.591025519,6.445946324,8.684780428,2.79043116,5.136318131,0,25.64850156,72.68
430224016,0,146,1168,9,16.85,0.187597938,0.32560859,0.131610114,0.140954999,0.259454426,0.181893157,1.227119224,2.75
430243409,0,9.625,77,14,16.85,1.985331242,4.939101729,6.654572016,2.138122577,3.935620386,0,19.65274795,55.69
430137328,15194,180,1440,9,16.85,0.152162772,0.264104745,0.106750426,0.114330166,0.210446368,0.147535561,0.995330037,2.23
430033053,5878,45,360,13,16.85,0.424640293,1.056418981,0.427001704,0.457320662,0.95124638,0,3.316628021,10.47
430118279,0,276,2208,8,16.85,0.09923659,0.172242225,0.069619843,0.074563151,0.137247631,0.096218844,0.649128285,1.37
430256309,0,5.75,46,10,16.85,4.763356335,8.267626807,11.1391749,3.579031271,6.587886299,4.618504512,38.95558012,82.04
430122579,0,6.875,55,10,16.85,3.983898026,6.91474242,9.316400822,2.993371608,5.509868541,3.862749228,32.58103065,68.61
429440513,0,12.5,100,14,16.85,1.528705056,3.803108331,5.124020452,1.646354385,3.030427698,0,15.13261592,42.88
430137242,42156,180,1440,10,16.85,0.152162772,0.264104745,0.106750426,0.114330166,0.210446368,0.147535561,0.995330037,2.37
429181481,0,179,1432,10,16.85,0.153012843,0.265580191,0.107346797,0.114968882,0.211622046,0.148359782,1.00089054,2.38
426245312,80228,130,1040,18,16.85,0.146990871,0.365683493,0.147808282,0.158303306,0.291387279,0,1.110173231,4.54
428908001,0,168,1344,10,16.85,0.163031541,0.28296937,0.114375457,0.122496606,0.225478251,0.158073815,1.06642504,2.54
430161107,34400,234.375,1875,6,16.85,0.116861009,0.202832444,0.081984327,0.087805567,0.161622811,0.113307311,0.764413469,1.4
428169992,0,224,1792,10,16.85,0.122273656,0.212227027,0.085781592,0.091872455,0.169108688,0.118555361,0.79981878,1.91
430200409,0,400,3200,14,16.85,0.047772033,0.118847135,0.048037692,0.051448575,0.107015218,0,0.373120652,1.24
430219501,0,12.5,100,14,16.85,1.528705056,3.803108331,5.124020452,1.646354385,3.030427698,0,15.13261592,42.88
429609417,0,22.5,180,14,16.85,0.849280587,2.112837962,2.846678029,0.914641325,1.683570943,0,8.407008846,23.82
429591271,0,26.375,211,13,16.85,0.724504766,1.80242101,2.428445712,0.780262742,1.436221658,0,7.171855887,19.38
430247838,0,36.75,294,14,16.85,0.519967706,1.293574262,1.742864099,0.559984485,1.03075772,0,5.147148273,14.58
429020059,0,36.5,292,13,16.85,0.523529129,1.30243436,0.526440457,0.563819995,1.17276951,0,4.088993451,12.91
430203720,15250,81.25,650,13,16.85,0.235185393,0.585093589,0.236493252,0.25328529,0.526844149,0,1.836901673,5.8
430203763,5220,69.625,557,13,16.85,0.274453331,0.682784261,0.275979558,0.295575293,0.61480915,0,2.143601594,6.77
430211073,0,29.875,239,13,16.85,0.639625547,1.591258716,0.643182484,0.688851207,1.432839736,0,4.995757689,15.78
430246720,0,215,1720,9,16.85,0.127392088,0.221110949,0.08937245,0.095718278,0.176187657,0.123518144,0.833299566,1.87
430246806,0,6.25,50,9,16.85,4.382287828,7.606216662,3.074412271,3.292708769,6.060855395,4.249024151,28.66550508,64.34
430246892,28983,213.75,1710,10,16.85,0.128137071,0.222403996,0.089895096,0.096278034,0.177217994,0.124240472,0.838172663,2
430204408,58125,250,2000,12,16.85,0.076435253,0.190155417,0.076860307,0.082317719,0.171224348,0,0.596993044,1.79
430320594,0,67.5,540,13,16.85,0.283093529,0.704279321,0.284667803,0.304880442,0.634164253,0,2.211085347,6.98
430247666,0,7.5,60,10,16.85,3.651906524,6.338513885,8.540034087,2.743923974,5.050712829,3.540853459,29.86594476,62.9
430137414,17930,147.75,1182,10,16.85,0.185375966,0.321751974,0.130051281,0.139285481,0.256381362,0.179738754,1.212584817,2.89
430281378,2456,43.75,350,14,16.85,0.436772873,1.08660238,1.464005844,0.470386967,0.865836485,0,4.323604549,12.25
430281421,607,16.25,130,14,16.85,1.175926966,2.925467947,3.941554194,1.26642645,2.331098229,0,11.64047379,32.98
428980671,0,191.25,1530,10,16.85,0.143212021,0.248569172,0.100470989,0.107604862,0.19806717,0.138856998,0.936781212,2.23
428931006,0,43,344,7.5,16.85,0.444391005,1.105554747,0.446862249,0.478591391,0.931078392,0,3.406477784,7.73
430329839,0,46,368,14,16.85,0.415408983,1.033453351,1.392396862,0.447378909,0.823485787,0,4.112123892,11.65
427564896,0,250,2000,12,16.85,0.076435253,0.190155417,0.076860307,0.082317719,0.171224348,0,0.596993044,1.79
428810262,0,225,1800,13,16.85,0.084928059,0.211283796,0.085400341,0.091464132,0.190249276,0,0.663325604,2.09
430222425,0,187.5,1500,10,16.85,0.146076261,0.253540555,0.102480409,0.109756959,0.202028513,0.141634138,0.955516836,2.28
430303996,0,98,784,10,16.85,0.279482642,0.485090348,0.196072211,0.209994182,0.386534145,0.270983683,1.828157212,4.36
430315692,2608,103.125,825,11,16.85,0.265593202,0.460982828,0.186328016,0.199558107,0.367324569,0.257516615,1.737303338,4.38
426424407,0,53,424,13,16.85,0.360543645,0.896959512,0.362548617,0.388291128,0.807662021,0,2.816004924,8.89
428974436,0,45,360,13,16.85,0.424640293,1.056418981,0.427001704,0.457320662,0.95124638,0,3.316628021,10.47
430215287,0,375,3000,14,16.85,0.050956835,0.126770278,0.051240205,0.054878479,0.114149566,0,0.397995363,1.32
430326915,0,62.5,500,13,16.85,0.305741011,0.760621666,0.307441227,0.329270877,0.684897394,0,2.387972175,7.54
428978693,16000,250,2000,12,16.85,0.076435253,0.190155417,0.076860307,0.082317719,0.171224348,0,0.596993044,1.79
428980327,0,250,2000,12,16.85,0.076435253,0.190155417,0.076860307,0.082317719,0.171224348,0,0.596993044,1.79
430321282,0,61,488,13,16.85,0.313259233,0.779325478,0.315001257,0.337367702,0.701739133,0,2.446692802,7.73
430303910,0,182.5,1460,10,16.85,0.15007835,0.260486872,0.105288091,0.112763999,0.207563541,0.145514526,0.981695379,2.34
430297503,15878,220,1760,10,16.85,0.124496813,0.216085701,0.087341258,0.093542863,0.172183392,0.120710913,0.81436094,1.94
430297460,0,120,960,10,16.85,0.228244158,0.396157118,0.160125639,0.171495248,0.315669552,0.221303341,1.492995056,3.56
430330097,0,187.5,1500,10,16.85,0.146076261,0.253540555,0.102480409,0.109756959,0.202028513,0.141634138,0.955516836,2.28
429312373,0,125,1000,13,16.85,0.152870506,0.380310833,0.153720614,0.164635438,0.342448697,0,1.193986088,3.77
429898721,0,250,2000,12,16.85,0.076435253,0.190155417,0.076860307,0.082317719,0.171224348,0,0.596993044,1.79
429898764,0,118.75,950,13,16.85,0.160916322,0.400327193,0.161811172,0.173300462,0.360472312,0,1.256827461,3.97
429913169,0,58.75,470,13,16.85,0.325256395,0.809171985,0.327065135,0.350288167,0.728614249,0,2.540395931,8.02
429913814,0,118.75,950,13,16.85,0.160916322,0.400327193,0.161811172,0.173300462,0.360472312,0,1.256827461,3.97
429913857,0,118.75,950,13,16.85,0.160916322,0.400327193,0.161811172,0.173300462,0.360472312,0,1.256827461,3.97
429928606,0,11.25,90,14,16.85,1.698561174,4.225675924,5.693356058,1.82928265,3.367141886,0,16.81401769,47.64
429945462,0,16.25,130,14,16.85,1.175926966,2.925467947,3.941554194,1.26642645,2.331098229,0,11.64047379,32.98
429968553,0,36.25,290,13,16.85,0.527139675,1.311416666,0.530071081,0.567708409,1.180857575,0,4.117193406,13
429976207,0,36.25,290,13,16.85,0.527139675,1.311416666,0.530071081,0.567708409,1.180857575,0,4.117193406,13
430024152,0,125,1000,13,16.85,0.152870506,0.380310833,0.153720614,0.164635438,0.342448697,0,1.193986088,3.77
430024453,0,227.5,1820,13,16.85,0.083994783,0.208961996,0.084461876,0.090459032,0.188158625,0,0.656036312,2.07
430024754,0,97.5,780,13,16.85,0.195987828,0.487577991,0.19707771,0.211071075,0.439036791,0,1.530751394,4.83
430125245,0,227.5,1820,13,16.85,0.083994783,0.208961996,0.084461876,0.090459032,0.188158625,0,0.656036312,2.07
430297546,15275,122.5,980,9,16.85,0.223586114,0.388072279,0.156857769,0.167995345,0.309227316,0.216786946,1.462525769,3.28
429471774,0,34.375,275,13,16.85,0.555892748,1.382948484,0.558984049,0.598674322,1.245267988,0,4.341767591,13.71
429492758,0,106.25,850,13,16.85,0.179847654,0.44742451,0.180847781,0.193688751,0.40288082,0,1.404689515,4.44
430315606,0,216.625,1733,13,16.85,0.088211486,0.219452298,0.088702027,0.095000253,0.197604557,0,0.688970622,2.18
429721088,0,16.25,130,14,16.85,1.175926966,2.925467947,3.941554194,1.26642645,2.331098229,0,11.64047379,32.98
430236271,0,7.375,59,14,16.85,2.591025519,6.445946324,8.684780428,2.79043116,5.136318131,0,25.64850156,72.68
430267231,0,4.375,35,13,16.85,6.260411183,10.8660238,14.64005844,4.70386967,8.65836485,6.070034501,51.19876244,124.81
430269854,0,6.875,55,10,16.85,3.983898026,6.91474242,9.316400822,2.993371608,5.509868541,3.862749228,32.58103065,68.61
430256481,0,227.5,1820,13,16.85,0.083994783,0.208961996,0.084461876,0.090459032,0.188158625,0,0.656036312,2.07
430292472,0,12.5,100,14,16.85,1.528705056,3.803108331,5.124020452,1.646354385,3.030427698,0,15.13261592,42.88
429471688,305,34.375,275,13,16.85,0.555892748,1.382948484,0.558984049,0.598674322,1.245267988,0,4.341767591,13.71
430320465,0,68.75,550,13,16.85,0.277946374,0.691474242,0.279492025,0.299337161,0.622633994,0,2.170883796,6.86
430404702,0,5,40,14,16.85,3.821762641,9.507770828,12.81005113,4.115885962,7.576069244,0,37.83153981,107.2
429958792,0,250,2000,13,16.85,0.076435253,0.190155417,0.076860307,0.082317719,0.171224348,0,0.596993044,1.89
430108002,0,57.5,460,13,16.85,0.332327186,0.826762681,0.334175247,0.357903127,0.744453689,0,2.59562193,8.2
430121633,0,97.5,780,13,16.85,0.195987828,0.487577991,0.19707771,0.211071075,0.439036791,0,1.530751394,4.83
430169492,0,85,680,13,16.85,0.224809567,0.559280637,0.226059726,0.242110939,0.503601025,0,1.755861894,5.54
430262028,0,81.25,650,13,16.85,0.235185393,0.585093589,0.236493252,0.25328529,0.526844149,0,1.836901673,5.8
430274412,0,97.5,780,13,16.85,0.195987828,0.487577991,0.19707771,0.211071075,0.439036791,0,1.530751394,4.83
430284603,0,250,2000,13,16.85,0.076435253,0.190155417,0.076860307,0.082317719,0.171224348,0,0.596993044,1.89
430299008,0,97.5,780,13,16.85,0.195987828,0.487577991,0.19707771,0.211071075,0.439036791,0,1.530751394,4.83
430303480,0,112.5,900,14,16.85,0.169856117,0.422567592,0.170800682,0.182928265,0.380498552,0,1.326651208,4.41
430332892,0,81,648,13,16.85,0.235911274,0.586899434,0.237223169,0.254067035,0.528470211,0,1.842571123,5.82
430346953,0,125,1000,13,16.85,0.152870506,0.380310833,0.153720614,0.164635438,0.342448697,0,1.193986088,3.77
430370173,0,50,400,13,16.85,0.382176264,0.950777083,0.384301534,0.411588596,0.856121742,0,2.984965219,9.43
430453593,0,250,2000,12,16.85,0.076435253,0.190155417,0.076860307,0.082317719,0.171224348,0,0.596993044,1.79
430466880,0,67.5,540,13,16.85,0.283093529,0.704279321,0.284667803,0.304880442,0.634164253,0,2.211085347,6.98
430211116,0,15,120,14,16.85,1.27392088,3.169256943,4.270017044,1.371961987,2.525356415,0,12.61051327,35.73
430211159,0,7.5,60,14,16.85,2.547841761,6.338513885,8.540034087,2.743923974,5.050712829,0,25.22102654,71.46
430433383,0,16.25,130,14,16.85,1.175926966,2.925467947,3.941554194,1.26642645,2.331098229,0,11.64047379,32.98
430380493,0,93.75,750,13,16.85,0.203827341,0.507081111,0.204960818,0.219513918,0.456598262,0,1.59198145,5.03
430215244,32100,87.5,700,13,16.85,0.218386437,0.54330119,0.219600877,0.235193484,0.489212424,0,1.705694411,5.39
429535629,0,11.25,90,14,16.85,1.698561174,4.225675924,5.693356058,1.82928265,3.367141886,0,16.81401769,47.64
428790783,8772,34.375,275,13,16.85,0.555892748,1.382948484,0.558984049,0.598674322,1.245267988,0,4.341767591,13.71
424352925,0,228.5,1828,13,16.85,0.083627191,0.208047502,0.084092239,0.09006315,0.187335173,0,0.653165256,2.06
429609503,0,11.25,90,14,16.85,1.698561174,4.225675924,5.693356058,1.82928265,3.367141886,0,16.81401769,47.64
429622188,0,150,1200,10,16.85,0.182595326,0.316925694,0.128100511,0.137196199,0.252535641,0.177042673,1.194396045,2.85
430347168,0,45.5,364,13,16.85,0.419973917,1.044809981,0.422309378,0.452295161,0.940793123,0,3.280181559,10.36
430392963,0,192.5,1540,6,16.85,0.142282072,0.246955086,0.09981858,0.106906129,0.196781019,0.13795533,0.930698217,1.7
429994740,7244,116.25,930,7,16.85,0.235606872,0.40893638,0.165290982,0.177027353,0.325852441,0.228442159,1.541156187,3.03
430222640,0,30,240,13,16.85,0.63696044,1.584628471,0.640502557,0.685980994,1.42686957,0,4.974942032,15.71
430315735,4743,15,120,14,16.85,1.27392088,3.169256943,4.270017044,1.371961987,2.525356415,0,12.61051327,35.73
430380622,0,36.25,290,13,16.85,0.527139675,1.311416666,0.530071081,0.567708409,1.180857575,0,4.117193406,13
430476426,0,143.375,1147,13,16.85,0.133278558,0.331570038,0.134019715,0.143535692,0.298560329,0,1.040964331,3.29
430266156,0,11.25,90,14,16.85,1.698561174,4.225675924,5.693356058,1.82928265,3.367141886,0,16.81401769,47.64
430273509,0,102.5,820,13,16.85,0.186427446,0.463793699,0.187464163,0.200774925,0.417620362,0,1.456080595,4.6
430453034,0,102.5,820,13,16.85,0.186427446,0.463793699,0.187464163,0.200774925,0.417620362,0,1.456080595,4.6
430456388,0,67.5,540,13,16.85,0.283093529,0.704279321,0.284667803,0.304880442,0.634164253,0,2.211085347,6.98
430236314,0,7.375,59,14,16.85,2.591025519,6.445946324,8.684780428,2.79043116,5.136318131,0,25.64850156,72.68
430347297,0,77.5,620,13,16.85,0.246565332,0.61340457,0.247936473,0.26554103,0.552336608,0,1.925784012,6.08
430350909,0,15,120,14,16.85,1.27392088,3.169256943,4.270017044,1.371961987,2.525356415,0,12.61051327,35.73
429157014,0,93.75,750,8,16.85,0.292152522,0.507081111,0.204960818,0.219513918,0.404057026,0.283268277,1.911033672,4.03
429393901,0,150,1200,10,16.85,0.182595326,0.316925694,0.128100511,0.137196199,0.252535641,0.177042673,1.194396045,2.85
428978736,0,143.375,1147,13,16.85,0.133278558,0.331570038,0.134019715,0.143535692,0.298560329,0,1.040964331,3.29
430347125,0,62.5,500,13,16.85,0.305741011,0.760621666,0.307441227,0.329270877,0.684897394,0,2.387972175,7.54
430350823,1440,348.2142857,2785.714286,13,16.85,0.054876592,0.136521838,0.055181759,0.059099901,0.122930301,0,0.42861039,1.35
430351468,8440,227.5,1820,13,16.85,0.083994783,0.208961996,0.084461876,0.090459032,0.188158625,0,0.656036312,2.07
430398338,0,18.75,150,14,16.85,1.019136704,2.535405554,3.416013635,1.09756959,2.020285132,0,10.08841061,28.59
425528674,0,96.875,775,10,16.85,0.282728247,0.490723656,0.198349179,0.212432824,0.391022929,0.27413059,1.849387424,4.41
430357703,0,250,2000,12,16.85,0.076435253,0.190155417,0.076860307,0.082317719,0.171224348,0,0.596993044,1.79
430351382,0,15,120,14,16.85,1.27392088,3.169256943,4.270017044,1.371961987,2.525356415,0,12.61051327,35.73
430209052,3375,52.5,420,13,16.85,0.363977394,0.905501984,0.366001461,0.391989139,0.81535404,0,2.842824018,8.98
430452991,0,67.5,540,13,16.85,0.283093529,0.704279321,0.284667803,0.304880442,0.634164253,0,2.211085347,6.98
430479178,1623,7,56,11,16.85,3.91275699,6.791264877,9.150036522,2.939918544,5.411478031,3.793771563,31.99922653,70.93
430491605,0,97.5,780,13,16.85,0.195987828,0.487577991,0.19707771,0.211071075,0.439036791,0,1.530751394,4.83
430491648,0,97.5,780,13,16.85,0.195987828,0.487577991,0.19707771,0.211071075,0.439036791,0,1.530751394,4.83
429901344,0,132,1056,10,16.85,0.207494689,0.360142834,0.145568763,0.155904771,0.28697232,0.201184856,1.357268233,3.23
430406680,2750,12.5,100,14,16.85,1.528705056,3.803108331,5.124020452,1.646354385,3.030427698,0,15.13261592,42.88
430517878,0,11.25,90,14,16.85,1.698561174,4.225675924,5.693356058,1.82928265,3.367141886,0,16.81401769,47.64
429846906,0,159.375,1275,9,16.85,0.171854425,0.298283006,0.120565187,0.129125834,0.237680604,0.166628398,1.124137454,2.52
429922457,0,157.5,1260,11,16.85,0.173900311,0.301833995,0.122000487,0.130663046,0.240510135,0.168612069,1.137520043,2.87
430164719,0,45,360,13,16.85,0.424640293,1.056418981,0.427001704,0.457320662,0.95124638,0,3.316628021,10.47
430215373,9199,52.5,420,13,16.85,0.363977394,0.905501984,0.366001461,0.391989139,0.81535404,0,2.842824018,8.98
430222683,0,36.25,290,13,16.85,0.527139675,1.311416666,0.530071081,0.567708409,1.180857575,0,4.117193406,13
430407411,13301,170,1360,10,16.85,0.161113523,0.279640318,0.113029863,0.121055469,0.222825566,0.156214123,1.053878863,2.51
430503602,0,125,1000,13,16.85,0.152870506,0.380310833,0.153720614,0.164635438,0.342448697,0,1.193986088,3.77
430312467,5968,100,800,15,16.85,0.191088132,0.475388541,0.192150767,0.205794298,0.428060871,0,1.49248261,5.21
429847422,0,123.75,990,10,16.85,0.221327668,0.384152357,0.155273347,0.166298423,0.306103808,0.214597179,1.447752782,3.45
430476770,0,15,120,14,16.85,1.27392088,3.169256943,4.270017044,1.371961987,2.525356415,0,12.61051327,35.73
430230638,0,69.625,557,13,16.85,0.274453331,0.682784261,0.275979558,0.295575293,0.61480915,0,2.143601594,6.77
430503731,0,18.75,150,14,16.85,1.019136704,2.535405554,3.416013635,1.09756959,2.020285132,0,10.08841061,28.59
430491734,0,225,1800,11,16.85,0.121730217,0.211283796,0.085400341,0.091464132,0.168357094,0.118028449,0.79626403,2.01
429901430,0,157.5,1260,11,16.85,0.173900311,0.301833995,0.122000487,0.130663046,0.240510135,0.168612069,1.137520043,2.87
430396747,0,15,120,14,16.85,1.27392088,3.169256943,4.270017044,1.371961987,2.525356415,0,12.61051327,35.73
429922500,0,147.5,1180,10,16.85,0.185690162,0.322297316,0.130271706,0.139521558,0.256815907,0.180043396,1.214640046,2.89
430506268,0,150,1200,11,16.85,0.182595326,0.316925694,0.128100511,0.137196199,0.252535641,0.177042673,1.194396045,3.01
427159621,0,16.25,130,14,16.85,1.175926966,2.925467947,3.941554194,1.26642645,2.331098229,0,11.64047379,32.98
430518695,25398,150,1200,10,16.85,0.182595326,0.316925694,0.128100511,0.137196199,0.252535641,0.177042673,1.194396045,2.85
430517921,0,150,1200,10,16.85,0.182595326,0.316925694,0.128100511,0.137196199,0.252535641,0.177042673,1.194396045,2.85
430579411,4160,34.375,275,14,16.85,0.555892748,1.382948484,1.863280164,0.598674322,1.101973708,0,5.502769426,15.59
430507601,42098,150,1200,10,16.85,0.182595326,0.316925694,0.128100511,0.137196199,0.252535641,0.177042673,1.194396045,2.85
430398381,0,15,120,14,16.85,1.27392088,3.169256943,4.270017044,1.371961987,2.525356415,0,12.61051327,35.73
430491777,0,133.875,1071,10,16.85,0.204588601,0.355098817,0.143529985,0.153721231,0.2829531,0.198367141,1.338258874,3.19
426102337,0,10.375,83,14,16.85,1.841813321,4.58205823,6.173518617,1.9835595,3.651117708,0,18.23206738,51.66
430471008,0,225,1800,6,16.85,0.121730217,0.211283796,0.085400341,0.091464132,0.168357094,0.118028449,0.79626403,1.46
430507816,0,159.375,1275,11,16.85,0.171854425,0.298283006,0.120565187,0.129125834,0.237680604,0.166628398,1.124137454,2.83
430572703,208,11.25,90,14,16.85,1.698561174,4.225675924,5.693356058,1.82928265,3.367141886,0,16.81401769,47.64
430572746,0,25,200,14,16.85,0.764352528,1.901554166,2.562010226,0.823177192,1.515213849,0,7.566307961,21.44
430579454,0,11.25,90,14,16.85,1.698561174,4.225675924,5.693356058,1.82928265,3.367141886,0,16.81401769,47.64
426740457,0,21.25,170,13,16.85,0.899238268,2.237122548,0.904238903,0.968443756,1.782604528,0,6.791648003,21.95
430642234,0,225,1800,10,16.85,0.121730217,0.211283796,0.085400341,0.091464132,0.168357094,0.118028449,0.79626403,1.9
430144939,0,200,1600,10,16.85,0.136946495,0.237694271,0.096075383,0.102897149,0.189401731,0.132782005,0.895797034,2.13
430656768,0,180,1440,10,16.85,0.152162772,0.264104745,0.106750426,0.114330166,0.210446368,0.147535561,0.995330037,2.37
428674855,0,200,1600,11,16.85,0.136946495,0.237694271,0.096075383,0.102897149,0.189401731,0.132782005,0.895797034,2.26
428671157,0,227.5,1820,13,16.85,0.083994783,0.208961996,0.084461876,0.090459032,0.188158625,0,0.656036312,2.07
430646233,36,225.125,1801,7,16.85,0.121662627,0.211166481,0.085352923,0.091413347,0.168263615,0.117962914,0.795821907,1.57
430588699,0,18.75,150,14,16.85,1.019136704,2.535405554,3.416013635,1.09756959,2.020285132,0,10.08841061,28.59
430656639,0,150,1200,10,16.85,0.182595326,0.316925694,0.128100511,0.137196199,0.252535641,0.177042673,1.194396045,2.85
430208923,0,253.125,2025,13,16.85,0.075491608,0.187807819,0.075911414,0.081301451,0.169110468,0,0.589622759,1.86
430222597,0,69.625,557,13,16.85,0.274453331,0.682784261,0.275979558,0.295575293,0.61480915,0,2.143601594,6.77
430234293,0,11.25,90,14,16.85,1.698561174,4.225675924,5.693356058,1.82928265,3.367141886,0,16.81401769,47.64
430563200,0,227.5,1820,13,16.85,0.083994783,0.208961996,0.084461876,0.090459032,0.188158625,0,0.656036312,2.07
430613510,0,24.375,195,14,16.85,0.783951311,1.950311965,2.627702796,0.8442843,1.554065486,0,7.760315857,21.99
430656897,0,180,1440,10,16.85,0.152162772,0.264104745,0.106750426,0.114330166,0.210446368,0.147535561,0.995330037,2.37
430144853,0,132,1056,10,16.85,0.207494689,0.360142834,0.145568763,0.155904771,0.28697232,0.201184856,1.357268233,3.23
430145842,0,181.25,1450,8,16.85,0.151113373,0.262283333,0.106014216,0.113541682,0.208995014,0.146518074,0.988465692,2.08
430646147,0,112.5,900,10,16.85,0.243460435,0.422567592,0.170800682,0.182928265,0.336714189,0.236056897,1.59252806,3.79
429366037,0,91.25,730,11,16.85,0.300156701,0.520973744,0.210576183,0.225527998,0.415127082,0.291029051,1.963390759,4.95
430141413,0,106.5789474,852.6315789,10,16.85,0.256986015,0.44604357,0.180289609,0.193090946,0.355420532,0.249171169,1.681001841,4.01
430146229,0,112.5,900,9,16.85,0.243460435,0.422567592,0.170800682,0.182928265,0.336714189,0.236056897,1.59252806,3.57
428740172,0,251.1,2008.8,10,16.85,0.109077256,0.189322398,0.076523603,0.081957108,0.150857611,0.105760259,0.713498235,1.7
429994525,0,110.1315789,881.0526316,10,16.85,0.248696143,0.431655067,0.174473815,0.186862206,0.343955354,0.24113339,1.626775975,3.88
430146143,0,150,1200,11,16.85,0.182595326,0.316925694,0.128100511,0.137196199,0.252535641,0.177042673,1.194396045,3.01
430669711,0,125,1000,13,16.85,0.152870506,0.380310833,0.153720614,0.164635438,0.342448697,0,1.193986088,3.77
429994654,0,150,1200,10,16.85,0.182595326,0.316925694,0.128100511,0.137196199,0.252535641,0.177042673,1.194396045,2.85
429994568,0,157.5,1260,11,16.85,0.173900311,0.301833995,0.122000487,0.130663046,0.240510135,0.168612069,1.137520043,2.87
430148551,0,143.375,1147,13,16.85,0.133278558,0.331570038,0.134019715,0.143535692,0.298560329,0,1.040964331,3.29
429994353,0,110.1315789,881.0526316,10,16.85,0.248696143,0.431655067,0.174473815,0.186862206,0.343955354,0.24113339,1.626775975,3.88
430145971,0,143.375,1147,13,16.85,0.133278558,0.331570038,0.134019715,0.143535692,0.298560329,0,1.040964331,3.29
430437296,0,15,120,14,16.85,1.27392088,3.169256943,4.270017044,1.371961987,2.525356415,0,12.61051327,35.73
430410937,49214,170,1360,11,16.85,0.161113523,0.279640318,0.113029863,0.121055469,0.222825566,0.156214123,1.053878863,2.66
430571929,6000,170,1360,11,16.85,0.161113523,0.279640318,0.113029863,0.121055469,0.222825566,0.156214123,1.053878863,2.66
430650877,0,6.875,55,11,16.85,3.983898026,6.91474242,9.316400822,2.993371608,5.509868541,3.862749228,32.58103065,72.22
430679214,0,143.375,1147,13,16.85,0.133278558,0.331570038,0.134019715,0.143535692,0.298560329,0,1.040964331,3.29
430601986,67874,92,736,7.5,16.85,0.207704491,0.516726675,0.208859529,0.223689454,0.435177944,0,1.592158095,3.61
430602717,32870,92,736,7.5,16.85,0.207704491,0.516726675,0.208859529,0.223689454,0.435177944,0,1.592158095,3.61
429906246,0,12.5,100,14,16.85,1.528705056,3.803108331,5.124020452,1.646354385,3.030427698,0,15.13261592,42.88
430433340,14098,255,2040,11,16.85,0.107409015,0.186426879,0.075353242,0.080703646,0.148550377,0.104142749,0.702585909,1.77
430638579,0,46,368,14,16.85,0.415408983,1.033453351,1.392396862,0.447378909,0.823485787,0,4.112123892,11.65
430503688,0,37.5,300,13,16.85,0.509568352,1.267702777,0.512402045,0.548784795,1.141495656,0,3.979953625,12.57
430146014,0,175,1400,11,16.85,0.15651028,0.271650595,0.109800438,0.117596742,0.216459121,0.151750863,1.023768038,2.58
430141456,0,162,1296,11,16.85,0.169069746,0.293449717,0.118611585,0.127033517,0.233829298,0.163928401,1.105922264,2.79
430146057,0,180.4123711,1443.298969,11,16.85,0.151814971,0.263501077,0.106506425,0.11406884,0.209965348,0.147198337,0.993054997,2.5
430469933,48432,150,1200,10,16.85,0.182595326,0.316925694,0.128100511,0.137196199,0.252535641,0.177042673,1.194396045,2.85
430572875,106271,154.5,1236,10,16.85,0.177277016,0.307694849,0.124369428,0.133200193,0.245180234,0.17188609,1.159607811,2.76
430576960,0,127.5,1020,11,16.85,0.214818031,0.372853758,0.150706484,0.161407293,0.297100755,0.208285498,1.405171818,3.54
430686352,0,250,2000,12,16.85,0.076435253,0.190155417,0.076860307,0.082317719,0.171224348,0,0.596993044,1.79
430696543,0,216.25,1730,13,16.85,0.088364454,0.219832852,0.088855846,0.095164993,0.197947224,0,0.690165369,2.18
430469804,0,150,1200,9,16.85,0.182595326,0.316925694,0.128100511,0.137196199,0.252535641,0.177042673,1.194396045,2.68
430642191,0,53.5,428,13,16.85,0.357174079,0.888576713,0.359160312,0.384662239,0.800113778,0,2.789687121,8.81
427656271,0,18.75,150,13,16.85,1.019136704,2.535405554,1.02480409,1.09756959,2.282991312,0,7.959907251,25.14
430639826,0,135.375,1083,13,16.85,0.141154668,0.351164204,0.141939625,0.152017949,0.316203783,0,1.102480229,3.48
430579282,0,159.375,1275,11,16.85,0.171854425,0.298283006,0.120565187,0.129125834,0.237680604,0.166628398,1.124137454,2.83
430674140,0,4.375,35,13,16.85,6.260411183,10.8660238,14.64005844,4.70386967,8.65836485,6.070034501,51.19876244,124.81
430696328,0,192.5,1540,6,16.85,0.142282072,0.246955086,0.09981858,0.106906129,0.196781019,0.13795533,0.930698217,1.7
429754069,0,18.75,150,14,16.85,1.019136704,2.535405554,3.416013635,1.09756959,2.020285132,0,10.08841061,28.59
430599277,0,46,368,14,16.85,0.415408983,1.033453351,1.392396862,0.447378909,0.823485787,0,4.112123892,11.65
430708669,0,239.0625,1912.5,11,16.85,0.114569616,0.198855338,0.080376791,0.086083889,0.158453736,0.111085599,0.749424969,1.89
430709142,0,193.75,1550,8,16.85,0.141364123,0.245361828,0.099174589,0.106216412,0.195511464,0.137065295,0.924693712,1.95
430469847,0,143.375,1147,13,16.85,0.133278558,0.331570038,0.134019715,0.143535692,0.298560329,0,1.040964331,3.29
430579368,33942,150,1200,10,16.85,0.182595326,0.316925694,0.128100511,0.137196199,0.252535641,0.177042673,1.194396045,2.85
430598890,0,40.625,325,13,16.85,0.470370787,1.170187179,0.472986503,0.50657058,1.053688298,0,3.673803346,11.6
430696500,0,7.5,60,14,16.85,2.547841761,6.338513885,8.540034087,2.743923974,5.050712829,0,25.22102654,71.46
430708626,2244,7.25,58,11,16.85,3.777834335,6.55708333,8.834518021,2.838542043,5.224875341,3.662951854,30.89580492,68.48
430740532,0,143.375,1147,13,16.85,0.133278558,0.331570038,0.134019715,0.143535692,0.298560329,0,1.040964331,3.29
430686051,0,215,1720,6,16.85,0.127392088,0.221110949,0.08937245,0.095718278,0.176187657,0.123518144,0.833299566,1.52
430721182,0,193.75,1550,11,16.85,0.141364123,0.245361828,0.099174589,0.106216412,0.195511464,0.137065295,0.924693712,2.33
430686137,0,11.25,90,14,16.85,1.698561174,4.225675924,5.693356058,1.82928265,3.367141886,0,16.81401769,47.64
430688502,0,11.25,90,14,16.85,1.698561174,4.225675924,5.693356058,1.82928265,3.367141886,0,16.81401769,47.64
430725611,0,11.25,90,14,16.85,1.698561174,4.225675924,5.693356058,1.82928265,3.367141886,0,16.81401769,47.64
430727890,0,16.25,130,14,16.85,1.175926966,2.925467947,3.941554194,1.26642645,2.331098229,0,11.64047379,32.98
430751540,0,153.5,1228,11,16.85,0.178431915,0.309699376,0.125179653,0.134067947,0.2467775,0.173005869,1.167162259,2.94
430751626,0,180.4123711,1443.298969,11,16.85,0.105917422,0.263501077,0.106506425,0.11406884,0.237268026,0,0.827261789,2.34
430765644,0,128.4795,1027.836,11,16.85,0.213180304,0.370011201,0.14955753,0.160176758,0.294835723,0.206697574,1.394459091,3.52
430479221,0,45,360,13,16.85,0.424640293,1.056418981,0.427001704,0.457320662,0.95124638,0,3.316628021,10.47
430686266,0,128,1024,9,16.85,0.213978898,0.371397298,0.150117787,0.160776795,0.295940205,0.207471882,1.399682865,3.14
430725525,0,11.25,90,14,16.85,1.698561174,4.225675924,5.693356058,1.82928265,3.367141886,0,16.81401769,47.64
430716581,0,11.25,90,14,16.85,1.698561174,4.225675924,5.693356058,1.82928265,3.367141886,0,16.81401769,47.64
430759839,0,16.25,130,14,16.85,1.175926966,2.925467947,3.941554194,1.26642645,2.331098229,0,11.64047379,32.98
430163343,0,5.625,45,14,16.85,3.397122348,8.451351847,11.38671212,3.658565299,6.734283772,0,33.62803538,95.29
430751669,0,112.5,900,10,16.85,0.243460435,0.422567592,0.170800682,0.182928265,0.336714189,0.236056897,1.59252806,3.79
430768482,0,25,200,14,16.85,0.764352528,1.901554166,2.562010226,0.823177192,1.515213849,0,7.566307961,21.44
430779791,0,112.5,900,10,16.85,0.243460435,0.422567592,0.170800682,0.182928265,0.336714189,0.236056897,1.59252806,3.79
430724149,0,82.5,660,13,16.85,0.231621978,0.576228535,0.232910021,0.249447634,0.518861662,0,1.80906983,5.71
425565697,0,92,736,7.5,16.85,0.207704491,0.516726675,0.208859529,0.223689454,0.435177944,0,1.592158095,3.61
430725181,0,82.5,660,13,16.85,0.231621978,0.576228535,0.232910021,0.249447634,0.518861662,0,1.80906983,5.71
430782629,0,193.75,1550,15,16.85,0.098626133,0.245361828,0.099174589,0.106216412,0.220934643,0,0.770313605,2.69
430721483,0,32.5,260,14,16.85,0.587963483,1.462733974,1.970777097,0.633213225,1.165549114,0,5.820236893,16.49
430664981,0,7.5,60,10,16.85,3.651906524,6.338513885,8.540034087,2.743923974,5.050712829,3.540853459,29.86594476,62.9
430395500,0,15,120,14,16.85,1.27392088,3.169256943,4.270017044,1.371961987,2.525356415,0,12.61051327,35.73
430700198,0,125,1000,13,16.85,0.152870506,0.380310833,0.153720614,0.164635438,0.342448697,0,1.193986088,3.77
430208063,0,69.625,557,13,16.85,0.274453331,0.682784261,0.275979558,0.295575293,0.61480915,0,2.143601594,6.77
428920858,0,192.5,1540,6,16.85,0.142282072,0.246955086,0.09981858,0.106906129,0.196781019,0.13795533,0.930698217,1.7
430208106,12024,253.125,2025,13,16.85,0.075491608,0.187807819,0.075911414,0.081301451,0.169110468,0,0.589622759,1.86
430644341,0,15,120,14,16.85,1.27392088,3.169256943,4.270017044,1.371961987,2.525356415,0,12.61051327,35.73
430725482,0,52.5,420,13,16.85,0.363977394,0.905501984,0.366001461,0.391989139,0.81535404,0,2.842824018,8.98
430738640,0,253.125,2025,13,16.85,0.075491608,0.187807819,0.075911414,0.081301451,0.169110468,0,0.589622759,1.86
430778716,10512,253.125,2025,13,16.85,0.075491608,0.187807819,0.075911414,0.081301451,0.169110468,0,0.589622759,1.86
430778845,0,52.5,420,13,16.85,0.363977394,0.905501984,0.366001461,0.391989139,0.81535404,0,2.842824018,8.98
430778974,0,52.5,420,13,16.85,0.363977394,0.905501984,0.366001461,0.391989139,0.81535404,0,2.842824018,8.98
430803054,0,227.5,1820,13,16.85,0.083994783,0.208961996,0.084461876,0.090459032,0.188158625,0,0.656036312,2.07
430725568,0,37.25,298,13,16.85,0.512988274,1.276210849,0.515840985,0.552467914,1.149156701,0,4.006664724,12.65
430738597,0,87.5,700,13,16.85,0.218386437,0.54330119,0.219600877,0.235193484,0.489212424,0,1.705694411,5.39
430741865,0,12.5,100,14,16.85,1.528705056,3.803108331,5.124020452,1.646354385,3.030427698,0,15.13261592,42.88
430768396,0,32.5,260,14,16.85,0.587963483,1.462733974,1.970777097,0.633213225,1.165549114,0,5.820236893,16.49
430807612,0,15,120,14,16.85,1.27392088,3.169256943,4.270017044,1.371961987,2.525356415,0,12.61051327,35.73
430807741,0,15,120,14,16.85,1.27392088,3.169256943,4.270017044,1.371961987,2.525356415,0,12.61051327,35.73
430741994,0,86,688,13,16.85,0.222195502,0.552777374,0.223431124,0.239295695,0.497745199,0,1.735444895,5.48
430765687,0,300,2400,6,16.85,0.091297663,0.158462847,0.064050256,0.068598099,0.126267821,0.458502943,0.967179629,1.46
430768310,0,135.375,1083,13,16.85,0.141154668,0.351164204,0.141939625,0.152017949,0.316203783,0,1.102480229,3.48
430778888,0,15,120,14,16.85,1.27392088,3.169256943,4.270017044,1.371961987,2.525356415,0,12.61051327,35.73
430778931,0,15,120,14,16.85,1.27392088,3.169256943,4.270017044,1.371961987,2.525356415,0,12.61051327,35.73
424281287,0,37.5,300,13,16.85,0.509568352,1.267702777,0.512402045,0.548784795,1.141495656,0,3.979953625,12.57
427824616,0,227.5,1820,13,16.85,0.083994783,0.208961996,0.084461876,0.090459032,0.188158625,0,0.656036312,2.07
429604644,0,15,120,14,16.85,1.27392088,3.169256943,4.270017044,1.371961987,2.525356415,0,12.61051327,35.73
430751497,0,348.25,2786,13,16.85,0.054870964,0.136507837,0.0551761,0.05909384,0.122917694,0,0.428566435,1.35
430644384,0,125,1000,13,16.85,0.152870506,0.380310833,0.153720614,0.164635438,0.342448697,0,1.193986088,3.77
430644470,0,69.625,557,13,16.85,0.274453331,0.682784261,0.275979558,0.295575293,0.61480915,0,2.143601594,6.77
430646018,0,62.5,500,13,16.85,0.305741011,0.760621666,0.307441227,0.329270877,0.684897394,0,2.387972175,7.54
430688029,0,4.375,35,13,16.85,6.260411183,10.8660238,14.64005844,4.70386967,8.65836485,6.070034501,51.19876244,124.81
430698349,0,15,120,14,16.85,1.27392088,3.169256943,4.270017044,1.371961987,2.525356415,0,12.61051327,35.73
430748057,0,52.5,420,13,16.85,0.363977394,0.905501984,0.366001461,0.391989139,0.81535404,0,2.842824018,8.98
430759194,0,52.5,420,13,16.85,0.363977394,0.905501984,0.366001461,0.391989139,0.81535404,0,2.842824018,8.98
430806881,0,125,1000,11,16.85,0.219114391,0.380310833,0.153720614,0.164635438,0.30304277,0.212451208,1.433275254,3.61
430814234,0,128.5,1028,11,16.85,0.213146295,0.369952172,0.149533671,0.160151205,0.294788687,0.206664599,1.394236628,3.51
430853966,0,16.25,130,14,16.85,1.175926966,2.925467947,3.941554194,1.26642645,2.331098229,0,11.64047379,32.98
430644298,0,348.25,2786,13,16.85,0.054870964,0.136507837,0.0551761,0.05909384,0.122917694,0,0.428566435,1.35
430740188,0,46,368,14,16.85,0.415408983,1.033453351,1.392396862,0.447378909,0.823485787,0,4.112123892,11.65
430748100,0,52.5,420,13,16.85,0.363977394,0.905501984,0.366001461,0.391989139,0.81535404,0,2.842824018,8.98
430751454,0,45.5,364,13,16.85,0.419973917,1.044809981,0.422309378,0.452295161,0.940793123,0,3.280181559,10.36
430765773,0,15,120,14,16.85,1.27392088,3.169256943,4.270017044,1.371961987,2.525356415,0,12.61051327,35.73
430806795,0,15,120,14,16.85,1.27392088,3.169256943,4.270017044,1.371961987,2.525356415,0,12.61051327,35.73
430830445,0,11.25,90,14,16.85,1.698561174,4.225675924,5.693356058,1.82928265,3.367141886,0,16.81401769,47.64
430756872,0,167.25,1338,8,16.85,0.114252994,0.284238291,0.114888351,0.123045918,0.239380394,0,0.875805947,2.06
430720709,0,167.25,1338,10,16.85,0.114252994,0.284238291,0.114888351,0.123045918,0.239380394,0,0.875805947,2.36
430806752,0,52.5,420,13,16.85,0.363977394,0.905501984,0.366001461,0.391989139,0.81535404,0,2.842824018,8.98
428668104,0,143.375,1147,13,16.85,0.133278558,0.331570038,0.134019715,0.143535692,0.298560329,0,1.040964331,3.29
430644255,0,348.25,2786,13,16.85,0.054870964,0.136507837,0.0551761,0.05909384,0.122917694,0,0.428566435,1.35
430721053,0,167.25,1338,8,16.85,0.114252994,0.284238291,0.114888351,0.123045918,0.239380394,0,0.875805947,2.06
430777039,18982,255,2040,11,16.85,0.107409015,0.186426879,0.075353242,0.080703646,0.148550377,0.104142749,0.702585909,1.77
430868371,0,5,40,14,16.85,3.821762641,9.507770828,12.81005113,4.115885962,7.576069244,0,37.83153981,107.2
430756915,0,120,960,10,16.85,0.228244158,0.396157118,0.160125639,0.171495248,0.315669552,0.221303341,1.492995056,3.56
430956392,0,450,3600,9,16.85,0.042464029,0.105641898,0.04270017,0.045732066,0.095124638,0,0.331662802,0.83
430956349,0,450,3600,9,16.85,0.042464029,0.105641898,0.04270017,0.045732066,0.095124638,0,0.331662802,0.83
430935924,0,6.25,50,11,16.85,4.382287828,7.606216662,10.2480409,3.292708769,6.060855395,4.249024151,35.83913371,79.44
430941170,0,67.5,540,13,16.85,0.283093529,0.704279321,0.284667803,0.304880442,0.634164253,0,2.211085347,6.98
430930592,0,5,40,14,16.85,3.821762641,9.507770828,12.81005113,4.115885962,7.576069244,0,37.83153981,107.2
430927883,0,86,688,13,16.85,0.222195502,0.552777374,0.223431124,0.239295695,0.497745199,0,1.735444895,5.48
430686395,2856,101.25,810,13,16.85,0.188729019,0.469519547,0.189778535,0.203253628,0.422776169,0,1.474056898,4.65
